[
    {
        "name": "John Matthew Cruz",
        "email": "johnmatt@gmail.com",
        "phone": "09123456789",
        "package": "Solo Package",
        "date": "2025-12-12",
        "notes": "Excited",
        "timestamp": "2025-07-29 04:08:03"
    },
    {
        "name": "Aldrei Sierra",
        "email": "aldreisierra2@gmail.com",
        "phone": "09263095741",
        "package": "Solo Package",
        "date": "2025-08-01",
        "notes": "Make it Fun",
        "timestamp": "2025-07-29 04:37:54",
        "confirmed": true
    },
    {
        "name": "Alexis Lorenzo",
        "email": "alexislorenzo12@gmail.com",
        "phone": "09168352845",
        "package": "Solo Package",
        "date": "2025-08-02",
        "notes": "Make It Mermorable",
        "timestamp": "2025-07-29 04:55:37"
    },
    {
        "name": "vhan",
        "email": "vcreatives15@gmail.com",
        "phone": "123456789",
        "package": "Solo Package",
        "date": "2025-12-24",
        "notes": "",
        "timestamp": "2025-07-29 05:59:33",
        "confirmed": true
    },
    {
        "name": "vhan bonifacio",
        "email": "vhan@gmail.com",
        "phone": "0912345678",
        "package": "Solo Package",
        "date": "2025-08-09",
        "notes": "make it memorable!",
        "timestamp": "2025-07-29 11:51:25",
        "confirmed": true
    },
    {
        "name": "John Rex Martinez",
        "email": "johnrexmartinez02@gmail.com",
        "phone": "09954913072",
        "package": "Squad Package",
        "date": "2025-07-30",
        "notes": "make it memorable",
        "timestamp": "2025-07-30 08:22:47",
        "confirmed": true
    }
]